method,n,n_pos,n_neg,auprc,auroc,ece,brier,nll
Centralized,23619,8371,15248,0.8595860272894604,0.9031648198829644,0.0387642844832646,0.1117883431228176,0.3716674932865678
FedAvg,23619,8371,15248,0.852613505413387,0.9011232542130976,0.0649447062290855,0.1172879432197879,0.3859626486194977
FedNova,23619,8371,15248,0.8313964435991166,0.8916802976046695,0.0519265802815072,0.1234594987942625,0.3985990944601228
FedProx,23619,8371,15248,0.8299315634519263,0.8907306733271804,0.055044518771602,0.1244388195517733,0.4011252563686145
Local,23619,8371,15248,0.819454890988544,0.8864199897261859,0.0368039435164626,0.1248096602412335,0.4113801155743276
Per-FedAvg,23619,8371,15248,0.8247898387891868,0.8886488110466817,0.0752876883123376,0.1288275108146593,0.4156134831236158
SCAFFOLD,23619,8371,15248,0.8295338440393593,0.8916210180665449,0.0793202592591762,0.1282378163327251,0.4136331083241553
pFedBayes,23619,8371,15248,0.8641448257882984,0.9117762803941504,0.0440781547337129,0.1118387423684625,0.3645568683567942
pFedMe,23619,8371,15248,0.8212623790600078,0.8862550153160809,0.0447685943589695,0.1258805388102833,0.4041670658945907
