method,kind,run_dir,checkpoint,data_dir,split,device,batch_size,num_workers,mc_eval,n_samples,throughput_samples_per_s_mean,latency_ms_per_sample_mean,repeats,time_s_mean,time_s_std,time_s_min,time_s_max,cpu_peak_delta_mb,gpu_peak_allocated_mb,gpu_peak_reserved_mb,auprc,auroc,brier,nll,ece,benchmark_wall_time_s,n_clients,per_client_csv
Centralized,point,/workspace/runs/centralized/seed0,/workspace/runs/centralized/seed0/checkpoints/model_best.pt,/workspace/federated_data,test,cuda,256,32,1,23619,12887.470761040475,0.0775947444259625,3,1.8327102685968082,0.033011093687322524,1.8033022433519363,1.8684168606996536,1.0234375,255.21435546875,284.0,0.8595860272894604,0.9031648198829643,0.1117883428063279,0.3716674929553221,0.038764283076806204,14.717406515032053,,
Local,local_point,/workspace/runs/local/seed42,per-client model_best.pt,/workspace/federated_data,test,cuda,256,32,1,23619,7172.740147333894,0.13941673327894077,3,3.2928838233153024,0.1448143704054927,3.1668398678302765,3.4510682560503483,48.8671875,255.21435546875,286.0,0.8194548992107737,0.8864199897261857,0.1248096599444224,0.4113801154109821,0.03680394339461052,54.04049367085099,28.0,/workspace/runs/local/seed42/inference_benchmark_per_client.csv
FedAvg,point,/workspace/runs/fedavg/seed42,/workspace/runs/fedavg/seed42/checkpoints/model_best.pt,/workspace/federated_data,test,cuda,256,32,1,23619,13137.91041510284,0.07611560502425395,3,1.797774475067854,0.054770048528151614,1.7504045255482197,1.85774752125144,0.0859375,255.21435546875,284.0,0.8526144095196575,0.9011242374394286,0.11728803225768467,0.38596368418107135,0.06494755030244202,9.100622687488794,,
FedProx,point,/workspace/runs/fedprox/seed42,/workspace/runs/fedprox/seed42/checkpoints/model_best.pt,/workspace/federated_data,test,cuda,256,32,1,23619,13520.048999520213,0.07396422897842213,3,1.746961124241352,0.024916910999215773,1.7255419231951237,1.7743070051074028,0.05078125,255.21435546875,284.0,0.8299279470593262,0.890729317963393,0.12443800925836197,0.40112169257608893,0.0550197271838934,8.737861163914204,,
SCAFFOLD,point,/workspace/runs/scaffold/seed42,/workspace/runs/scaffold/seed42/checkpoints/model_best.pt,/workspace/federated_data,test,cuda,256,32,1,23619,13257.3088922194,0.07543008978141041,3,1.7815832905471325,0.013046092009612329,1.7721534967422485,1.7964721620082855,0.0,255.21435546875,284.0,0.8295381347710502,0.8916226789747697,0.12824158696833501,0.4136441587398022,0.07934440331111907,9.009918697178364,,
FedNova,point,/workspace/runs/fednova/seed42,/workspace/runs/fednova/seed42/checkpoints/model_best.pt,/workspace/federated_data,test,cuda,256,32,1,23619,12845.455450579666,0.07784854370071198,3,1.8387047536671162,0.06376551481481464,1.7734540849924088,1.9008733369410038,1.1015625,255.21435546875,284.0,0.8313964991486625,0.8916799215499771,0.12346136074412672,0.39860319943656103,0.05194318311525751,9.177208945155144,,
Per-FedAvg,point,/workspace/runs/perfedavg/seed42,/workspace/runs/perfedavg/seed42/checkpoints/model_best.pt,/workspace/federated_data,test,cuda,256,32,1,23619,13829.001168720819,0.07231180240709315,3,1.707932461053133,0.03296850176913127,1.6731085665524006,1.7386633567512035,0.0,255.21435546875,284.0,0.8247898352578099,0.888648803212209,0.1288275110266125,0.41561348315593044,0.0752876887388003,8.743406012654305,,
pFedMe,point,/workspace/runs/pfedme/seed42,/workspace/runs/pfedme/seed42/checkpoints/model_best.pt,/workspace/federated_data,test,cuda,256,32,1,23619,13603.558069747116,0.07351017982743022,3,1.7362369373440742,0.03197530382910123,1.7161050513386726,1.7731068059802055,0.0,255.21435546875,284.0,0.8212623901398249,0.8862550192333172,0.1258805380783646,0.4041670618738845,0.04476859058358037,8.809452597051859,,
pFedBayes,bayes,/workspace/runs/pfedbayes/seed42,/workspace/runs/pfedbayes/seed42/checkpoints/model_best.pt,/workspace/federated_data,test,cuda,256,32,25,23619,598.9740392959459,1.6695214389849573,3,39.43242686738571,0.08366516563529772,39.37546880543232,39.52848321944475,1.00390625,256.0810546875,286.0,0.864556488375849,0.9114518744634169,0.11179634959029873,0.36467791787420334,0.0452673408429595,160.0317734889686,,
