coverage,requested_coverage,n_retained,n_total,n_pos_retained,n_neg_retained,uncertainty_max_retained,uncertainty_mean_retained,risk_error_rate,accuracy,auprc,auroc,brier,nll,ece
1.0,1.0,23619,23619,8371,15248,0.25,0.13275121989230423,0.14649223083111054,0.8535077691688895,0.8641448257882984,0.9117762803941504,0.11183874236846256,0.3645568683567942,0.044078154733712946
0.950040221855286,0.95,22439,23619,7737,14702,0.24852579832077026,0.12661120337966722,0.12977405410223272,0.8702259458977673,0.8709274618336642,0.9170513896630322,0.10463403608987674,0.3473989538827172,0.04450664071899028
0.9000381049155342,0.9,21258,23619,7099,14159,0.24395878612995148,0.11994754785489206,0.11572114027660176,0.8842788597233983,0.8765754578789595,0.921390629658987,0.09712219193245908,0.3293234448790926,0.04366094514512746
0.8500359879757822,0.85,20077,23619,6425,13652,0.23664341866970062,0.11286475005051425,0.10414902624894158,0.8958509737510584,0.8800963035534553,0.9242559577080537,0.08974111070556721,0.31118217391020997,0.040938231154887386
0.8000338710360303,0.8,18896,23619,5715,13181,0.22680844366550446,0.10541134532455647,0.09441151566469094,0.905588484335309,0.8812514967184284,0.9255112229399365,0.08260973188279985,0.2931953592883051,0.03682508347837915
0.7500317540962784,0.75,17715,23619,5076,12639,0.21416421234607697,0.09772181862792657,0.08427885972339826,0.9157211402766018,0.8830909474582849,0.9268663198097674,0.07532603458120538,0.27453506531852523,0.033752647229748155
0.7000296371565266,0.7,16534,23619,4441,12093,0.19873030483722687,0.08995681569158409,0.07354542155558244,0.9264545784444176,0.8829249532545553,0.9268819746864227,0.06765958120159317,0.2546756784477773,0.03209229367901754
0.6500275202167747,0.65,15353,23619,3842,11511,0.18013304471969604,0.08229445449503431,0.06624112551292907,0.933758874487071,0.881170389272549,0.9259555319310488,0.061524111124251,0.2377654210686014,0.027952661095767592
0.6000254032770227,0.6,14172,23619,3245,10927,0.15900805592536926,0.0750144372847624,0.05891899520180638,0.9410810047981937,0.8751220724301474,0.9228279619489078,0.05548989025611933,0.22081328247001628,0.025060991795127406
0.5500232863372708,0.55,12991,23619,2664,10327,0.1369708627462387,0.06838620423288444,0.054422292356246633,0.9455777076437534,0.863698875890181,0.9171606849417443,0.0512917472633269,0.2079436971694732,0.020768891766061722
0.500021169397519,0.5,11810,23619,2100,9710,0.11562983691692352,0.06261140983077602,0.050889077053344625,0.9491109229466553,0.8451233215250629,0.9077024667745575,0.04791945980130302,0.19705261297160015,0.017005243374919557
