method,model_scope,aggregation,macro_auprc,median_auprc,iqr_auprc,min_auprc,max_auprc,macro_auroc,median_auroc,iqr_auroc,min_auroc,max_auroc,macro_brier,median_brier,iqr_brier,min_brier,max_brier,macro_nll,median_nll,iqr_nll,min_nll,max_nll,macro_ece,median_ece,iqr_ece,min_ece,max_ece,worst_client_auprc,n_clients
Centralized,global,client_macro,0.8604874598845862,0.8893936891418308,0.06515620949275946,0.6384306175016369,0.9666234041782472,0.8996597128107882,0.9163102860191694,0.0674090382682071,0.7493872378352783,0.9816253513927932,0.10858704566343579,0.09837790901628055,0.04621159889307677,0.0521374005724285,0.1998981573828283,0.3634167472059439,0.3407876998187658,0.11444193945524767,0.1921676786694836,0.6214300239232342,0.06706332704771593,0.0608150275057807,0.025040873778861106,0.0401432284252761,0.1472090737813372,0.6384306175016369,28
FedAvg,global,client_macro,0.8581408256448261,0.8913538422353586,0.06974321830640107,0.6444907532211355,0.9658463917184716,0.9013771135718656,0.9166124420782806,0.069758127831411,0.7456294274387468,0.9772127097708494,0.1136194534944388,0.10275031031446799,0.04633940003506272,0.058311984268223,0.2046310340050953,0.3759502820207673,0.35224681489650045,0.11217995755110649,0.22911541536909,0.6144107816792941,0.08816184062829256,0.08498192951434785,0.03960439805023365,0.0403083139669641,0.2115049835033889,0.6444907532211355,28
FedNova,global,client_macro,0.8338163548599239,0.8646415844414415,0.07389070107296125,0.5150683527058425,0.9663630047751448,0.8902601042211371,0.9070794378357404,0.06726368538134075,0.7378763412855506,0.9809949740182298,0.12043359325444349,0.11348840608829236,0.03691626563181122,0.0605884938244952,0.2051665332232091,0.3908991444835987,0.3785346782189133,0.09625371161521634,0.234353587643617,0.5948917832207599,0.0864038068204802,0.08609563995686126,0.033402937026738244,0.0476090744504169,0.1895169903896249,0.5150683527058425,28
FedProx,global,client_macro,0.8323531347550702,0.8612516156825956,0.08020226504387262,0.5174254389368598,0.9661332277787792,0.889299248467552,0.9021224641989283,0.0702065455809161,0.7359230128138349,0.9818127608825284,0.12142757230777147,0.11430784515698289,0.03743294331705921,0.0608620025212493,0.2070269111535148,0.39376311216696946,0.3828383940747879,0.097561941906602,0.2352019713151459,0.6009530264455368,0.08689411493633716,0.08737662898334694,0.030438263762685963,0.0449558175976978,0.1917844493591912,0.5174254389368598,28
Local,client_specific,client_macro,0.8147426785047018,0.8465571884400058,0.06712431789658657,0.5728777183051212,0.9363691410791372,0.8823631256558429,0.8982112975920888,0.05899396159646286,0.73019896201803,0.9634339755639098,0.12301310332146717,0.12073967502829805,0.048853099403272954,0.0652181760747271,0.1942545925403503,0.409880328425612,0.39611386156472533,0.13579202976009191,0.229409180777257,0.7412353231854053,0.07009793072201906,0.06667003163258485,0.04134528105141277,0.024511271713244,0.1525423589158885,0.5728777183051212,28
Per-FedAvg,global,client_macro,0.828482036540943,0.8589655242690142,0.07626017010998942,0.4859356295855828,0.9614035892921002,0.8879049301362633,0.9016542980828695,0.06930568877795518,0.7279753781021084,0.978741800834824,0.12512996813104627,0.11463582093114691,0.030132747047716915,0.067693262626307,0.2064936764389732,0.4062673620786746,0.3842413575767075,0.07232511574601852,0.2598619443904319,0.6020677674983783,0.10160656330948027,0.1008483761830436,0.0339794850347461,0.0476804743929154,0.2281295016286841,0.4859356295855828,28
SCAFFOLD,global,client_macro,0.8322597871404402,0.8657257449505842,0.06821198830971908,0.4940435091119117,0.9627371118555764,0.8902387352006628,0.9067960280886549,0.06782738419820511,0.7194013499336174,0.9795169946332736,0.12457976820392938,0.11419578073184486,0.030552149901440145,0.0657985992763675,0.2118235898312381,0.40419425016286625,0.3799684598641462,0.07126632520272325,0.2544611177772601,0.617171071044296,0.10089827449139054,0.10034859859652255,0.03407622905866603,0.0552077702307549,0.2323132542815293,0.4940435091119117,28
pFedBayes,global,client_macro,0.8620968418248814,0.8852290455475671,0.05498440852668263,0.6467949292244747,0.9691146936521148,0.9076328431986226,0.9145074359004766,0.07177451900012644,0.7602224190019794,0.9838572280432746,0.11002472213544,0.1083594003352953,0.05264540401321645,0.0537421610760849,0.192773212793131,0.36010214159095677,0.36523101354231746,0.13730942733624474,0.2075713959647222,0.5632749133815909,0.08083491809852937,0.0829668654138354,0.027661018700478476,0.045574030179869,0.1139566208474809,0.6467949292244747,28
pFedMe,global,client_macro,0.8258356481051783,0.8568223065010263,0.06285925594523767,0.496521074336382,0.9616420217781172,0.8852280749224978,0.8945303704232277,0.07193420457169275,0.7330747662683712,0.9788014311270126,0.12219610268184303,0.1142442533644781,0.03781302861514646,0.0583353407727934,0.2099121134171669,0.394896232293558,0.3853709762031202,0.10226761110187127,0.2195595761589189,0.6163675333170875,0.08121922214491317,0.0732280749722405,0.03456106124785034,0.0403449216277793,0.1853497472612713,0.496521074336382,28
